{"compas": "1.1.0", "datatype": "compas.datastructures/Mesh", "data": {"facedata": {"1": {}, "2": {}, "3": {}, "4": {}, "5": {}, "6": {}, "7": {}, "8": {}, "9": {}, "10": {}, "11": {}, "12": {}, "13": {}, "14": {}, "15": {}, "16": {}, "17": {}, "18": {}, "19": {}, "20": {}, "21": {}, "22": {}, "23": {}, "24": {}, "25": {}, "26": {}, "27": {}, "28": {}, "29": {}, "30": {}, "31": {}, "32": {}, "33": {}, "34": {}, "35": {}, "36": {}, "37": {}, "38": {}, "39": {}, "40": {}, "41": {}, "42": {}, "43": {}, "44": {}, "45": {}, "46": {}, "47": {}, "48": {}, "49": {}, "50": {}, "51": {}, "52": {}, "53": {}, "54": {}, "55": {}, "56": {}, "57": {}, "58": {}, "59": {}, "60": {}}, "dva": {"z": 0.0, "y": 0.0, "x": 0.0}, "face": {"1": [0, 55, 30, 13], "2": [55, 0, 21, 15], "3": [1, 50, 40, 32], "4": [50, 1, 47, 24], "5": [2, 53, 43, 23], "6": [53, 2, 11, 22], "7": [11, 2, 45, 10], "8": [3, 8, 38, 24], "9": [8, 3, 25], "10": [3, 24, 47], "11": [4, 16, 26, 60], "12": [16, 4, 56, 33], "13": [4, 60, 48, 41], "14": [5, 20, 37], "15": [20, 5, 40, 35], "16": [6, 22, 11], "17": [10, 6, 11], "18": [7, 42, 55, 15], "19": [42, 7, 20, 35], "20": [7, 15, 39, 57], "21": [8, 56, 44, 38], "22": [56, 8, 25, 33], "23": [9, 58, 45, 36], "24": [58, 9, 31], "25": [31, 9, 60, 26], "26": [58, 10, 45], "27": [14, 12, 46], "28": [46, 12, 27, 39], "29": [0, 13, 23, 43], "30": [23, 13, 48, 36], "31": [52, 14, 34], "32": [14, 46, 21, 34], "33": [15, 21, 46, 39], "34": [16, 51, 54, 26], "35": [51, 16, 33, 19], "36": [17, 42, 35, 59], "37": [42, 17, 30, 55], "38": [30, 17, 44, 41], "39": [18, 49, 27], "40": [12, 18, 27], "41": [51, 19, 29], "42": [25, 19, 33], "43": [20, 7, 57, 37], "44": [21, 0, 43, 34], "45": [53, 22, 52], "46": [2, 23, 36, 45], "47": [50, 24, 38, 59], "48": [26, 54, 31], "49": [39, 27, 49, 57], "50": [28, 1, 32], "51": [1, 28, 47], "52": [29, 54, 51], "53": [13, 30, 41, 48], "54": [5, 32, 40], "55": [34, 43, 53, 52], "56": [35, 40, 50, 59], "57": [9, 36, 48, 60], "58": [59, 38, 44, 17], "59": [41, 44, 56, 4], "60": [57, 49, 37]}, "edgedata": {}, "dfa": {}, "max_vertex": 60, "dea": {}, "attributes": {"name": "Mesh"}, "max_face": 60, "vertex": {"0": {"z": 0.0, "y": 70.000000000000014, "x": 50.0}, "1": {"z": 0.0, "y": 10.000000000000004, "x": 10.000000000000004}, "2": {"z": 0.0, "y": 80.0, "x": 80.0}, "3": {"z": 0.0, "y": 0.0, "x": 40.0}, "4": {"z": 0.0, "y": 29.999999999999996, "x": 70.000000000000014}, "5": {"z": 0.0, "y": 40.0, "x": 0.0}, "6": {"z": 0.0, "y": 100.00000000000001, "x": 100.00000000000001}, "7": {"z": 0.0, "y": 60.000000000000007, "x": 20.0}, "8": {"z": 0.0, "y": 10.000000000000002, "x": 50.0}, "9": {"z": 0.0, "y": 49.999999999999986, "x": 90.000000000000014}, "10": {"z": 0.0, "y": 80.0, "x": 100.0}, "11": {"z": 0.0, "y": 90.0, "x": 90.0}, "12": {"z": 0.0, "y": 100.0, "x": 20.0}, "13": {"z": 0.0, "y": 60.0, "x": 60.0}, "14": {"z": 0.0, "y": 100.0, "x": 40.0}, "15": {"z": 0.0, "y": 70.0, "x": 30.0}, "16": {"z": 0.0, "y": 20.000000000000007, "x": 80.0}, "17": {"z": 0.0, "y": 39.999999999999993, "x": 39.999999999999993}, "18": {"z": 0.0, "y": 100.0, "x": 0.0}, "19": {"z": 0.0, "y": 0.0, "x": 80.0}, "20": {"z": 0.0, "y": 50.0, "x": 10.0}, "21": {"z": 0.0, "y": 80.000000000000014, "x": 40.0}, "22": {"z": 0.0, "y": 100.0, "x": 80.0}, "23": {"z": 0.0, "y": 70.0, "x": 70.0}, "24": {"z": 0.0, "y": 10.0, "x": 30.0}, "25": {"z": 0.0, "y": 0.0, "x": 60.0}, "26": {"z": 0.0, "y": 30.000000000000007, "x": 90.0}, "27": {"z": 0.0, "y": 90.0, "x": 10.0}, "28": {"z": 0.0, "y": 0.0, "x": 0.0}, "29": {"z": 0.0, "y": 0.0, "x": 100.0}, "30": {"z": 0.0, "y": 50.0, "x": 50.0}, "31": {"z": 0.0, "y": 40.0, "x": 100.0}, "32": {"z": 0.0, "y": 20.0, "x": 0.0}, "33": {"z": 0.0, "y": 10.000000000000004, "x": 70.0}, "34": {"z": 0.0, "y": 90.0, "x": 50.0}, "35": {"z": 0.0, "y": 40.0, "x": 20.0}, "36": {"z": 0.0, "y": 60.0, "x": 80.0}, "37": {"z": 0.0, "y": 60.0, "x": 0.0}, "38": {"z": 0.0, "y": 20.000000000000004, "x": 40.0}, "39": {"z": 0.0, "y": 80.0, "x": 20.0}, "40": {"z": 0.0, "y": 30.0, "x": 10.000000000000002}, "41": {"z": 0.0, "y": 40.000000000000007, "x": 60.0}, "42": {"z": 0.0, "y": 50.000000000000007, "x": 30.0}, "43": {"z": 0.0, "y": 79.999999999999986, "x": 60.000000000000007}, "44": {"z": 0.0, "y": 30.000000000000007, "x": 50.0}, "45": {"z": 0.0, "y": 70.0, "x": 90.0}, "46": {"z": 0.0, "y": 90.0, "x": 30.0}, "47": {"z": 0.0, "y": 0.0, "x": 20.0}, "48": {"z": 0.0, "y": 50.000000000000014, "x": 70.0}, "49": {"z": 0.0, "y": 80.0, "x": 0.0}, "50": {"z": 0.0, "y": 20.000000000000011, "x": 20.000000000000011}, "51": {"z": 0.0, "y": 10.000000000000004, "x": 90.0}, "52": {"z": 0.0, "y": 100.0, "x": 60.0}, "53": {"z": 0.0, "y": 90.0, "x": 70.0}, "54": {"z": 0.0, "y": 20.0, "x": 100.0}, "55": {"z": 0.0, "y": 60.000000000000007, "x": 40.0}, "56": {"z": 0.0, "y": 20.000000000000007, "x": 60.0}, "57": {"z": 0.0, "y": 70.0, "x": 10.0}, "58": {"z": 0.0, "y": 60.0, "x": 100.0}, "59": {"z": 0.0, "y": 30.0, "x": 30.0}, "60": {"z": 0.0, "y": 40.000000000000014, "x": 80.0}}}}