{"compas": "1.6.3", "datatype": "compas.datastructures/Mesh", "data": {"facedata": {"1": {}, "2": {}, "3": {}, "4": {}, "5": {}, "6": {}, "7": {}, "8": {}, "9": {}, "10": {}, "11": {}, "12": {}, "13": {}, "14": {}, "15": {}, "16": {}, "17": {}, "18": {}, "19": {}, "20": {}, "21": {}, "22": {}, "23": {}, "24": {}, "25": {}, "26": {}, "27": {}, "28": {}, "29": {}, "30": {}, "31": {}, "32": {}, "33": {}, "34": {}, "35": {}, "36": {}, "37": {}, "38": {}, "39": {}, "40": {}, "41": {}, "42": {}, "43": {}, "44": {}, "45": {}, "46": {}, "47": {}, "48": {}, "49": {}, "50": {}, "51": {}, "52": {}, "53": {}, "54": {}, "55": {}, "56": {}, "57": {}, "58": {}, "59": {}, "60": {}, "61": {}, "62": {}, "63": {}, "64": {}}, "dva": {"z": 0.0, "y": 0.0, "x": 0.0}, "face": {"1": [0, 51, 59, 37], "2": [51, 0, 5, 4], "3": [5, 0, 23, 28], "4": [1, 46, 54, 30], "5": [46, 1, 6, 64], "6": [6, 1, 67, 61], "7": [2, 26, 70, 41], "8": [26, 2, 36, 71], "9": [15, 3, 66, 62], "10": [51, 4, 62, 66], "11": [62, 4, 56, 29], "12": [5, 50, 56, 4], "13": [50, 5, 28, 52], "14": [7, 56, 50, 43], "15": [56, 7, 72, 29], "16": [8, 47, 75, 12], "17": [47, 8, 55, 30], "18": [55, 8, 53, 9], "19": [9, 32, 67, 55], "20": [10, 42, 58, 20], "21": [42, 10, 11, 78], "22": [11, 10, 79, 69], "23": [78, 11, 75, 74], "24": [75, 11, 69, 12], "25": [8, 12, 60, 53], "26": [72, 13, 49, 29], "27": [64, 14, 52, 46], "28": [49, 15, 62, 29], "29": [16, 57, 48, 22], "30": [57, 16, 37, 59], "31": [37, 16, 27, 19], "32": [3, 17, 45, 66], "33": [36, 18, 58, 71], "34": [19, 23, 0, 37], "35": [23, 19, 74, 25], "36": [20, 58, 18, 76], "37": [10, 20, 31, 79], "38": [21, 31, 44, 63], "39": [31, 21, 33, 79], "40": [16, 22, 73, 27], "41": [22, 48, 70, 26], "42": [28, 23, 25, 54], "43": [77, 24, 35, 40], "44": [25, 74, 75, 47], "45": [22, 26, 71, 73], "46": [19, 27, 78, 74], "47": [52, 28, 54, 46], "48": [1, 30, 55, 67], "49": [30, 54, 25, 47], "50": [31, 20, 76, 44], "51": [67, 32, 34, 61], "52": [79, 33, 80, 69], "53": [35, 24, 68, 39], "54": [35, 39, 70, 48], "55": [68, 38, 65, 39], "56": [39, 65, 41, 70], "57": [40, 35, 48, 57], "58": [77, 40, 45, 17], "59": [58, 42, 73, 71], "60": [73, 42, 78, 27], "61": [14, 43, 50, 52], "62": [45, 40, 57, 59], "63": [51, 66, 45, 59], "64": [60, 12, 69, 80]}, "edgedata": {}, "dfa": {}, "max_vertex": 80, "dea": {}, "attributes": {"name": "Mesh"}, "max_face": 64, "vertex": {"0": {"z": 200.00000000015916, "y": 1668.750000001636, "x": -908.09046931360933}, "1": {"z": 200.00000000015916, "y": 556.25000000054547, "x": -2033.0904693136108}, "2": {"z": 200.00000000015916, "y": 4450.0000000043665, "x": -908.09046931360967}, "3": {"z": 200.00000000015916, "y": 1668.7500000016369, "x": 216.90953068638828}, "4": {"z": 200.00000000015916, "y": 1112.5000000010909, "x": -533.09046931360956}, "5": {"z": 200.00000000015916, "y": 1112.5000000010912, "x": -908.0904693136099}, "6": {"z": 200.00000000015916, "y": 0.0, "x": -2033.0904693136108}, "7": {"z": 200.00000000015916, "y": 0.0, "x": -533.09046931360945}, "8": {"z": 200.00000000015916, "y": 1668.7500000016355, "x": -2408.0904693136108}, "9": {"z": 200.00000000015916, "y": 1112.5000000010903, "x": -2783.0904693136117}, "10": {"z": 200.00000000015916, "y": 3337.5000000032719, "x": -2033.0904693136104}, "11": {"z": 200.00000000015916, "y": 2781.2500000027262, "x": -2033.0904693136104}, "12": {"z": 200.00000000015916, "y": 2225.0000000021832, "x": -2408.0904693136113}, "13": {"z": 200.00000000015916, "y": 0.0, "x": 216.90953068639107}, "14": {"z": 200.00000000015916, "y": 0.0, "x": -1283.0904693136104}, "15": {"z": 200.00000000015916, "y": 1112.5000000010914, "x": 216.90953068638828}, "16": {"z": 200.00000000015916, "y": 2781.2500000027262, "x": -908.09046931360967}, "17": {"z": 200.00000000015916, "y": 2225.0000000021805, "x": 216.90953068638828}, "18": {"z": 200.00000000015916, "y": 4450.0000000043665, "x": -1658.0904693136094}, "19": {"z": 200.00000000015916, "y": 2225.0000000021805, "x": -1283.0904693136117}, "20": {"z": 200.00000000015916, "y": 3893.7500000038171, "x": -2033.0904693136104}, "21": {"z": 200.00000000015916, "y": 3893.7500000038162, "x": -2783.0904693136117}, "22": {"z": 200.00000000015916, "y": 3337.5000000032719, "x": -908.09046931360967}, "23": {"z": 200.00000000015916, "y": 1668.750000001636, "x": -1283.0904693136117}, "24": {"z": 200.00000000015916, "y": 3337.5000000032719, "x": 216.90953068638828}, "25": {"z": 200.00000000015916, "y": 1668.7500000016355, "x": -1658.0904693136099}, "26": {"z": 200.00000000015916, "y": 3893.7500000038176, "x": -908.0904693136099}, "27": {"z": 200.00000000015916, "y": 2781.2500000027262, "x": -1283.0904693136117}, "28": {"z": 200.00000000015916, "y": 1112.5000000010909, "x": -1283.0904693136117}, "29": {"z": 200.00000000015916, "y": 556.25000000054558, "x": -158.09046931360891}, "30": {"z": 200.00000000015916, "y": 1112.5000000010909, "x": -2033.0904693136108}, "31": {"z": 200.00000000015916, "y": 3893.7500000038162, "x": -2408.0904693136108}, "32": {"z": 200.00000000015916, "y": 556.2500000005449, "x": -2783.0904693136117}, "33": {"z": 200.00000000015916, "y": 3337.500000003271, "x": -2783.0904693136117}, "34": {"z": 200.00000000015916, "y": 0.0, "x": -2783.0904693136117}, "35": {"z": 200.00000000015916, "y": 3337.5000000032719, "x": -158.09046931360896}, "36": {"z": 200.00000000015916, "y": 4450.0000000043665, "x": -1283.090469313609}, "37": {"z": 200.00000000015916, "y": 2225.0000000021832, "x": -908.09046931360967}, "38": {"z": 200.00000000015916, "y": 4450.0000000043665, "x": 216.90953068639246}, "39": {"z": 200.00000000015916, "y": 3893.7500000038176, "x": -158.09046931360859}, "40": {"z": 200.00000000015916, "y": 2781.2500000027262, "x": -158.09046931360851}, "41": {"z": 200.00000000015916, "y": 4450.0000000043665, "x": -533.09046931360899}, "42": {"z": 200.00000000015916, "y": 3337.5000000032719, "x": -1658.0904693136099}, "43": {"z": 200.00000000015916, "y": 0.0, "x": -908.0904693136099}, "44": {"z": 200.00000000015916, "y": 4450.0000000043665, "x": -2408.0904693136113}, "45": {"z": 200.00000000015916, "y": 2225.0000000021832, "x": -158.09046931360893}, "46": {"z": 200.00000000015916, "y": 556.25000000054536, "x": -1658.0904693136101}, "47": {"z": 200.00000000015916, "y": 1668.750000001636, "x": -2033.0904693136108}, "48": {"z": 200.00000000015916, "y": 3337.5000000032719, "x": -533.09046931360922}, "49": {"z": 200.00000000015916, "y": 556.25000000054592, "x": 216.90953068638828}, "50": {"z": 200.00000000015916, "y": 556.25000000054536, "x": -908.09046931360922}, "51": {"z": 200.00000000015916, "y": 1668.7500000016366, "x": -533.09046931360945}, "52": {"z": 200.00000000015916, "y": 556.25000000054547, "x": -1283.0904693136117}, "53": {"z": 200.00000000015916, "y": 1668.7500000016355, "x": -2783.0904693136117}, "54": {"z": 200.00000000015916, "y": 1112.5000000010907, "x": -1658.0904693136104}, "55": {"z": 200.00000000015916, "y": 1112.5000000010907, "x": -2408.0904693136113}, "56": {"z": 200.00000000015916, "y": 556.25000000054558, "x": -533.09046931360967}, "57": {"z": 200.00000000015916, "y": 2781.2500000027262, "x": -533.09046931360933}, "58": {"z": 200.00000000015916, "y": 3893.7500000038171, "x": -1658.0904693136097}, "59": {"z": 200.00000000015916, "y": 2225.0000000021832, "x": -533.09046931360945}, "60": {"z": 200.00000000015916, "y": 2225.0000000021832, "x": -2783.0904693136117}, "61": {"z": 200.00000000015916, "y": 0.0, "x": -2408.0904693136113}, "62": {"z": 200.00000000015916, "y": 1112.5000000010912, "x": -158.09046931360893}, "63": {"z": 200.00000000015916, "y": 4450.0000000043665, "x": -2783.0904693136117}, "64": {"z": 200.00000000015916, "y": 0.0, "x": -1658.0904693136106}, "65": {"z": 200.00000000015916, "y": 4450.0000000043665, "x": -158.09046931360825}, "66": {"z": 200.00000000015916, "y": 1668.7500000016364, "x": -158.09046931360879}, "67": {"z": 200.00000000015916, "y": 556.25000000054513, "x": -2408.0904693136108}, "68": {"z": 200.00000000015916, "y": 3893.7500000038176,