{"compas": "1.7.1", "datatype": "compas.datastructures/Mesh", "data": {"facedata": {"0": {}, "1": {}, "2": {}, "3": {}, "4": {}, "5": {}, "6": {}, "7": {}, "8": {}, "9": {}, "10": {}, "11": {}, "12": {}, "13": {}, "14": {}, "15": {}, "16": {}, "17": {}, "18": {}, "19": {}, "20": {}, "21": {}, "22": {}, "23": {}, "24": {}, "25": {}, "26": {}, "27": {}, "28": {}, "29": {}, "30": {}, "31": {}, "32": {}, "33": {}, "34": {}, "35": {}, "36": {}, "37": {}, "38": {}, "39": {}, "40": {}, "41": {}, "42": {}, "43": {}, "44": {}, "45": {}, "46": {}, "47": {}, "48": {}, "49": {}, "50": {}, "51": {}, "52": {}, "53": {}, "54": {}, "55": {}, "56": {}, "57": {}, "58": {}, "59": {}}, "dva": {"z": 0.0, "y": 0.0, "x": 0.0}, "face": {"0": [58, 63, 52, 71], "1": [63, 75, 15, 52], "2": [75, 62, 70, 15], "3": [62, 24, 64, 70], "4": [14, 31, 66, 54], "5": [60, 14, 54, 77], "6": [37, 60, 77, 78], "7": [26, 37, 78, 8], "8": [73, 26, 8, 20], "9": [35, 73, 20, 5], "10": [18, 35, 5, 59], "11": [4, 18, 59, 27], "12": [25, 4, 27, 50], "13": [79, 25, 50, 38], "14": [49, 79, 38, 11], "15": [9, 49, 11, 21], "16": [43, 9, 21, 39], "17": [58, 43, 39, 63], "18": [54, 66, 36, 47], "19": [77, 54, 47, 48], "20": [78, 77, 48, 32], "21": [8, 78, 32, 45], "22": [20, 8, 45, 74], "23": [5, 20, 74, 22], "24": [59, 5, 22, 57], "25": [27, 59, 57, 19], "26": [50, 27, 19, 65], "27": [38, 50, 65, 10], "28": [11, 38, 10, 13], "29": [21, 11, 13, 33], "30": [39, 21, 33, 16], "31": [63, 39, 16, 75], "32": [47, 36, 28, 41], "33": [48, 47, 41, 0], "34": [32, 48, 0, 29], "35": [45, 32, 29, 1], "36": [74, 45, 1, 76], "37": [22, 74, 76, 67], "38": [57, 22, 67, 23], "39": [19, 57, 23, 12], "40": [65, 19, 12, 51], "41": [10, 65, 51, 34], "42": [13, 10, 34, 2], "43": [33, 13, 2, 7], "44": [16, 33, 7, 30], "45": [75, 16, 30, 62], "46": [41, 28, 42, 61], "47": [0, 41, 61, 40], "48": [29, 0, 40, 72], "49": [1, 29, 72, 53], "50": [76, 1, 53, 6], "51": [67, 76, 6, 55], "52": [23, 67, 55, 44], "53": [12, 23, 44, 56], "54": [51, 12, 56, 68], "55": [34, 51, 68, 3], "56": [2, 34, 3, 69], "57": [7, 2, 69, 46], "58": [30, 7, 46, 17], "59": [62, 30, 17, 24]}, "edgedata": {}, "dfa": {}, "max_vertex": 79, "dea": {}, "attributes": {"name": null}, "max_face": 59, "vertex": {"0": {"z": 0.38620388976418485, "y": -3.8751038046836443, "x": 7.0459907107569837}, "1": {"z": 0.55919805625503238, "y": -3.2802303727597057, "x": 7.0782075262345208}, "2": {"z": 0.46173037337911099, "y": -1.1261946358399382, "x": 7.0782075258360901}, "3": {"z": 0.59213190608494792, "y": -1.4263541569691156, "x": 7.3995854535674868}, "4": {"z": 0.68778204872989868, "y": -2.0414365165572361, "x": 6.123241441201186}, "5": {"z": 0.64391597448705029, "y": -2.6642279479332318, "x": 6.4483332589718154}, "6": {"z": 0.66216030088985856, "y": -2.973981693630789, "x": 7.3995854534001646}, "7": {"z": 0.35919220163375609, "y": -0.83329948388080077, "x": 7.0638187685488258}, "8": {"z": 0.55919805609164719, "y": -3.2802303727597053, "x": 6.466477957238971}, "9": {"z": 0.40858875838120517, "y": -0.83329948388080111, "x": 6.1956087319322242}, "10": {"z": 0.53213190608494787, "y": -1.4263541569691156, "x": 6.7723427457411081}, "11": {"z": 0.46173037321572591, "y": -1.1261946358399382, "x": 6.466477957637399}, "12": {"z": 0.63838549198245009, "y": -2.0414365165572361, "x": 7.1000024139143436}, "13": {"z": 0.45112693012655969, "y": -1.1261946358399382, "x": 6.7723427457411089}, "14": {"z": 0.31718024632772696, "y": -4.1602614093188262, "x": 6.2735917458089245}, "15": {"z": -0.081642778621534171, "y": -0.014999999999999104, "x": 6.7723427457411081}, "16": {"z": 0.22511501704281861, "y": -0.54937578966889111, "x": 6.7723427457411054}, "17": {"z": 0.28511501704281916, "y": -0.54937578966889167, "x": 7.3134206346753494}, "18": {"z": 0.70186973878695247, "y": -2.3527744811065086, "x": 6.1232414414095704}, "19": {"z": 0.62778204872989896, "y": -2.0414365165572361, "x": 6.7723427457411072}, "20": {"z": 0.61276374397902522, "y": -2.9739816936307886, "x": 6.4556123631808902}, "21": {"z": 0.35919220147037101, "y": -0.83329948388080066, "x": 6.4808667149246633}, "22": {"z": 0.63331253139788424, "y": -2.6642279479332323, "x": 6.7723427457411098}, "23": {"z": 0.65247318203950411, "y": -2.3527744811065081, "x": 7.1000024138101514}, "24": {"z": 0.14142534546747543, "y": -0.27607833692432787, "x": 7.2710937325850393}, "25": {"z": 0.65113156735020394, "y": -1.732028632745771, "x": 6.1305418198845709}, "26": {"z": 0.60859461300248041, "y": -3.2802303727597057, "x": 6.166831216560837}, "27": {"z": 0.63838549181906501, "y": -2.0414365165572361, "x": 6.4446830695591437}, "28": {"z": 0.1289606646311762, "y": -4.4350000000043686, "x": 7.0004517640537234}, "29": {"z": 0.48353110518968245, "y": -3.5811890932708086, "x": 7.0638187697097043}, "30": {"z": 0.23571846029536994, "y": -0.54937578966889122, "x": 7.04599071093019}, "31": {"z": 0.17835722137862375, "y": -4.4350000000043686, "x": 6.3223427409224371}, "32": {"z": 0.47292766193713137, "y": -3.5811890932708086, "x": 6.7723427457411107}, "33": {"z": 0.34858875838120479, "y": -0.83329948388080077, "x": 6.7723427457411081}, "34": {"z": 0.54273534933749912, "y": -1.4263541569691156, "x": 7.08907312037626}, "35": {"z": 0.69331253139788374, "y": -2.6642279479332323, "x": 6.1305418200265276}, "36": {"z": 0.11835722137862524, "y": -4.4350000000043686, "x": 6.7723427457411116}, "37": {"z": 0.53292766193713037, "y": -3.5811890932708086, "x": 6.1956087296104716}, "38": {"z": 0.54273534917411403, "y": -1.4263541569691156, "x": 6.4556123630972282}, "39": {"z": 0.23571846013198489, "y": -0.54937578966889122, "x": 6.4986947725432946}, "40": {"z": 0.4356004465116326, "y": -3.8751038046836439, "x": 7.313420634328927}, "41": {"z": 0.26778368958027932, "y": -4.1602614093188262, "x": 7.0248272616104792}, "42": {"z": 0.17835722137862375, "y": -4.4350000000043686, "x": 7.2223427409224055}, "43": {"z": 0.28511501704281916, "y": -0.54937578966889167, "x": 6.2312648471694896}, "44": {"z": 0.70186973878695247, "y": -2.3527744811065086, "x": 7.4214440404352695}, "45": {"z": 0.54859461300248125, "y": -3.2802303727597057, "x": 6.7723427457411098}, "46": {"z": 0.40858875838120517, "y": -0.83329948388080111, "x": 7.3490767499126193}, "47": {"z": 0.25718024632772835, "y": -4.1602614093188262, "x": 6.7723427457411116}, "48": {"z": 0.37560044651163382, "y": -3.8751038046836443, "x": 6.7723427457411125}, "49": {"z": 0.51112693012655996, "y": -1.1261946358399384, "x": 6.1668312173576956}, "50": {"z": 0.60173501043937017, "y": -1.7320286327457708, "x": 6.4483332589008375}, "51": {"z": 0.60173501060275536, "y": -1.7320286327457708, "x": 7.096352224572656}, "52": {"z": -0.071039335532367784, "y": -0.014999999999999271, "x": 6.5442337194197666}, "53": {"z": 0.60859461300248041, "y": -3.2802303727597057, "x": 7.3778542652840056}, "54": {"z": 0.26778368941689401, "y": -4.1602614093188262, "x": 6.5198582218630152}, "55": {"z": 0.69331253139788374, "y": -2.6642279479332323, "x": 7.4141436618183176}, "56": {"z": 0.68778204872989868, "y": -2.0414365165572361, "x": 7.4214440406436557}, "57": {"z": 0.64186973878695297, "y": -2.3527744811065081, "x": 6.7723427457411081}, "58": {"z": 0.14142534546747543, "y": -0.27607833692432787, "x": 6.2735917492598023}, "59": {"z": 0.65247318187611891, "y": -2.3527744811065081, "x": 6.4446830696633359}, "60": {"z": 0.4356004465116326, "y": -3.8751038046836439, "x": 6.2312648475159174}, "61": {"z": 0.31718024632772696, "y": -4.1602614093188262, "x": 7.2710937360359189}, "62": {"z": 0.092028788720026095, "y": -0.27607833692432726, "x": 7.0248272598850363}, "63": {"z": 0.092028788556641053, "y": -0.27607833692432726, "x": 6.5198582235884519}, "64": {"z": -0.021642778621533302, "y": -0.015000000000000051, "x": 7.222342740922409}, "65": {"z": 0.59113156735020411, "y": -1.7320286327457708, "x": 6.7723427457411107}, "66": {"z": 0.12896066446779092, "y": -4.4350000000043686, "x": 6.5442337194197728}, "67": {"z": 0.64391597465043549, "y": -2.6642279479332323,