{"data": {"max_face": 59, "attributes": {"name": null}, "edgedata": {}, "facedata": {"0": {}, "1": {}, "2": {}, "3": {}, "4": {}, "5": {}, "6": {}, "7": {}, "8": {}, "9": {}, "10": {}, "11": {}, "12": {}, "13": {}, "14": {}, "15": {}, "16": {}, "17": {}, "18": {}, "19": {}, "20": {}, "21": {}, "22": {}, "23": {}, "24": {}, "25": {}, "26": {}, "27": {}, "28": {}, "29": {}, "30": {}, "31": {}, "32": {}, "33": {}, "34": {}, "35": {}, "36": {}, "37": {}, "38": {}, "39": {}, "40": {}, "41": {}, "42": {}, "43": {}, "44": {}, "45": {}, "46": {}, "47": {}, "48": {}, "49": {}, "50": {}, "51": {}, "52": {}, "53": {}, "54": {}, "55": {}, "56": {}, "57": {}, "58": {}, "59": {}}, "face": {"0": [12, 74, 22, 37], "1": [74, 36, 52, 22], "2": [24, 30, 4, 54], "3": [75, 24, 54, 6], "4": [46, 75, 6, 61], "5": [18, 46, 61, 10], "6": [38, 18, 10, 77], "7": [51, 38, 77, 1], "8": [45, 51, 1, 11], "9": [5, 45, 11, 32], "10": [71, 5, 32, 39], "11": [8, 71, 39, 65], "12": [28, 8, 65, 63], "13": [42, 28, 63, 59], "14": [2, 42, 59, 25], "15": [12, 2, 25, 74], "16": [54, 4, 67, 3], "17": [6, 54, 3, 17], "18": [61, 6, 17, 7], "19": [10, 61, 7, 23], "20": [77, 10, 23, 13], "21": [1, 77, 13, 26], "22": [11, 1, 26, 66], "23": [32, 11, 66, 76], "24": [39, 32, 76, 69], "25": [65, 39, 69, 57], "26": [63, 65, 57, 34], "27": [59, 63, 34, 14], "28": [25, 59, 14, 62], "29": [74, 25, 62, 36], "30": [40, 41, 3, 67], "31": [41, 43, 17, 3], "32": [43, 35, 7, 17], "33": [35, 68, 23, 7], "34": [68, 53, 13, 23], "35": [53, 79, 26, 13], "36": [79, 9, 66, 26], "37": [9, 73, 76, 66], "38": [73, 72, 69, 76], "39": [72, 44, 57, 69], "40": [44, 55, 34, 57], "41": [55, 15, 14, 34], "42": [15, 31, 62, 14], "43": [31, 58, 36, 62], "44": [58, 47, 52, 36], "45": [40, 16, 48, 41], "46": [41, 48, 70, 43], "47": [43, 70, 19, 35], "48": [35, 19, 33, 68], "49": [68, 33, 20, 53], "50": [53, 20, 64, 79], "51": [79, 64, 78, 9], "52": [9, 78, 60, 73], "53": [73, 60, 56, 72], "54": [72, 56, 49, 44], "55": [44, 49, 21, 55], "56": [55, 21, 27, 15], "57": [15, 27, 0, 31], "58": [31, 0, 29, 58], "59": [58, 29, 50, 47]}, "dea": {}, "max_vertex": 79, "dfa": {}, "vertex": {"0": {"y": -0.54937578966889156, "z": 0.28511501704281883, "x": 6.2312648471694905}, "1": {"y": -2.6625965685974751, "z": 0.57258262264164661, "x": 7.1962825241007007}, "2": {"y": -0.54937578966889156, "z": 0.28511501704281883, "x": 7.3134206346753512}, "3": {"y": -4.150730273322166, "z": 0.28851745648727883, "x": 6.7723427409224222}, "4": {"y": -4.4350000000043686, "z": 0.098357221378624266, "x": 7.0723427409224175}, "5": {"y": -2.0414365165572361, "z": 0.68778204872989868, "x": 7.4214440406436575}, "6": {"y": -3.8699134502970414, "z": 0.33651017954845119, "x": 7.1311963392701809}, "7": {"y": -3.5651305878194073, "z": 0.4574104169759754, "x": 6.7723427409224222}, "8": {"y": -1.4263541569691156, "z": 0.59213190608494781, "x": 7.3995854535674885}, "9": {"y": -2.3534837213270063, "z": 0.57962833424864757, "x": 6.3436855281370335}, "10": {"y": -3.2751451107566067, "z": 0.49567444061525223, "x": 7.1728326891513978}, "11": {"y": -2.3534837213270068, "z": 0.57962833424864724, "x": 7.2009999537078055}, "12": {"y": -0.27607833692432771, "z": 0.14142534546747501, "x": 7.2710937325850411}, "13": {"y": -2.9636658542925298, "z": 0.55585849977844648, "x": 6.7723427409224204}, "14": {"y": -0.85611257880242353, "z": 0.33483042123792167, "x": 6.7723427409224222}, "15": {"y": -0.84137099140542704, "z": 0.30249230039068359, "x": 6.3904485272648932}, "16": {"y": -4.4350000000043677, "z": 0.17835722137862434, "x": 6.3223427409224362}, "17": {"y": -3.8604339246225567, "z": 0.38164422197966524, "x": 6.7723427409224204}, "18": {"y": -3.2802303727597053, "z": 0.60859461300248063, "x": 7.3778542652840082}, "19": {"y": -3.5811890932708077, "z": 0.53292766193713081, "x": 6.1956087296104716}, "20": {"y": -2.9739816936307886, "z": 0.66216030088985878, "x": 6.1451000284446797}, "21": {"y": -1.1261946358399384, "z": 0.51112693012655974, "x": 6.1668312173576965}, "22": {"y": -0.014999999999999998, "z": -0.10164277862153399, "x": 7.0723427409224167}, "23": {"y": -3.2658575230257405, "z": 0.51554991035991837, "x": 6.7723427409224204}, "24": {"y": -4.1602614093188253, "z": 0.31718024632772746, "x": 7.2710937360359225}, "25": {"y": -0.55626903387459647, "z": 0.18657152072499916, "x": 7.131196339494033}, "26": {"y": -2.6596170606205156, "z": 0.57819459688934471, "x": 6.7723427409224231}, "27": {"y": -0.83329948388080111, "z": 0.4085887583812049, "x": 6.1956087319322251}, "28": {"y": -1.1261946358399384, "z": 0.51112693012655974, "x": 7.3778542644871514}, "29": {"y": -0.27607833692432771, "z": 0.14142534546747501, "x": 6.2735917492598032}, "30": {"y": -4.4350000000043677, "z": 0.17835722137862431, "x": 7.2223427409224081}, "31": {"y": -0.55626903387459636, "z": 0.18657152072499933, "x": 6.4134891423508069}, "32": {"y": -2.0445450941968888, "z": 0.56564921082598185, "x": 7.2009999538424632}, "33": {"y": -3.2802303727597053, "z": 0.60859461300248074, "x": 6.166831216560837}, "34": {"y": -1.1489119108897505, "z": 0.4197605206957527, "x": 6.7723427409224231}, "35": {"y": -3.5755074289446593, "z": 0.42620888427732062, "x": 6.3904485257645982}, "36": {"y": -0.28815915543157439, "z": 0.11374048043277669, "x": 6.7723427409224231}, "37": {"y": -0.014999999999999866, "z": -0.021642778621533781, "x": 7.2223427409224117}, "38": {"y": -2.9739816936307886, "z": 0.66216030088985878, "x": 7.3995854534001673}, "39": {"y": -1.7373317619858788, "z": 0.53071543575131896, "x": 7.1962825241924335}, "40": {"y": -4.4350000000043677, "z": 0.098357221378624266, "x": 6.4723427409224268}, "41": {"y": -4.1568891954136289, "z": 0.22703905660012633, "x": 6.4408403490888988}, "42": {"y": -0.83329948388080111, "z": 0.4085887583812049, "x": 7.3490767499126219}, "43": {"y": -3.8699134502970414, "z": 0.33651017954845147, "x": 6.4134891425746634}, "44": {"y": -1.4333858157789712, "z": 0.47500456184970286, "x": 6.3578103222429361}, "45": {"y": -2.3527744811065086, "z": 0.70186973878695258, "x": 7.4214440404352722}, "46": {"y": -3.5811890932708077, "z": 0.5329276619371307, "x": 7.3490767522343718}, "47": {"y": -0.014999999999999998, "z": -0.10164277862153401, "x": 6.4723427409224268}, "48": {"y": -4.1602614093188253, "z": 0.31718024632772746, "x": 6.2735917458089236}, "49": {"y": -1.4263541569691156, "z": 0.59213190608494781, "x": 6.1451000282773558}, "50": {"y": -0.014999999999999866, "z": -0.021642778621533781, "x": 6.3223427409224344}, "51": {"y": -2.6642279479332318, "z": 0.69331253139788385, "x": 7.4141436618183203}, "52": {"y": -0.015000000000000237, "z": -0.021642778621534426, "x": 6.7723427409224231}, "53": {"y": -2.9703318436158015, "z": 0.54454963076816454, "x": 6.3578103223510576}, "54": {"y": -4.1568891954136298, "z": 0.22703905660012619, "x": 7.1038451327559455}, "55": {"y": -1.1342322413087937, "z": 0.39880055513217783, "x": 6.3718527932083671}, "56": {"y": -1.7320286327457708, "z": 0.65113156735020394, "x": 6.1305418198845718}, "57": {"y": -1.4462282510458757, "z": 0.48719616444780389, "x": 6.7723427409224231}, "58": {"y": -0.28035265471504783, "z": 0.051630155590190074, "x": 6.4408403513188226}, "59": {"y": -0.84137099140542693, "z": 0.30249230039068331, "x": 7.1542369545799493}, "60": {"y": -2.0414365165572361, "z": 0.68778204872989868, "x": 6.1232414412011869}, "61": {"y": -3.5755074289446593, "z": 0.42620888427732029, "x": 7.1542369560802452}, "62": {"y": -0.56885867237734344, "z": 0.23270417057002374, "x": 6.7723427409224231}, "63": {"y": -1.1342322413087942, "z": 0.39880055513217744, "x": 7.1728326886364764}, "64": {"y": -2.6642279479332318, "z": 0.69331253139788385, "x": 6.1305418200265285}, "65": {"y": -1.4333858157789707, "z": 0.47500456184970252, "x": 7.1868751596019065}, "66": {"y": -2.3547790588663755, "z": 0.58247975266417051, "x": 6.7723427409224231}, "67": {"y": -4.4350000000043677, "z": 0.17835722137862409, "x": 6.7723427409224213}, "68": {"y": -3.2751451107566067, "z": 0.49567444061525268,