{"data": {"max_face": 59, "attributes": {"name": null}, "edgedata": {}, "facedata": {"0": {}, "1": {}, "2": {}, "3": {}, "4": {}, "5": {}, "6": {}, "7": {}, "8": {}, "9": {}, "10": {}, "11": {}, "12": {}, "13": {}, "14": {}, "15": {}, "16": {}, "17": {}, "18": {}, "19": {}, "20": {}, "21": {}, "22": {}, "23": {}, "24": {}, "25": {}, "26": {}, "27": {}, "28": {}, "29": {}, "30": {}, "31": {}, "32": {}, "33": {}, "34": {}, "35": {}, "36": {}, "37": {}, "38": {}, "39": {}, "40": {}, "41": {}, "42": {}, "43": {}, "44": {}, "45": {}, "46": {}, "47": {}, "48": {}, "49": {}, "50": {}, "51": {}, "52": {}, "53": {}, "54": {}, "55": {}, "56": {}, "57": {}, "58": {}, "59": {}}, "face": {"0": [22, 50, 36, 45], "1": [50, 77, 66, 36], "2": [77, 68, 72, 66], "3": [68, 17, 42, 72], "4": [46, 20, 37, 48], "5": [67, 46, 48, 51], "6": [18, 67, 51, 57], "7": [39, 18, 57, 6], "8": [21, 39, 6, 62], "9": [63, 21, 62, 8], "10": [75, 63, 8, 65], "11": [61, 75, 65, 23], "12": [58, 61, 23, 56], "13": [52, 58, 56, 12], "14": [16, 52, 12, 0], "15": [31, 16, 0, 15], "16": [1, 31, 15, 4], "17": [22, 1, 4, 50], "18": [48, 37, 33, 24], "19": [51, 48, 24, 53], "20": [57, 51, 53, 32], "21": [6, 57, 32, 59], "22": [62, 6, 59, 3], "23": [8, 62, 3, 19], "24": [65, 8, 19, 25], "25": [23, 65, 25, 11], "26": [56, 23, 11, 70], "27": [12, 56, 70, 34], "28": [0, 12, 34, 44], "29": [15, 0, 44, 76], "30": [4, 15, 76, 14], "31": [50, 4, 14, 77], "32": [24, 33, 74, 38], "33": [53, 24, 38, 9], "34": [32, 53, 9, 60], "35": [59, 32, 60, 2], "36": [3, 59, 2, 78], "37": [19, 3, 78, 13], "38": [25, 19, 13, 26], "39": [11, 25, 26, 71], "40": [70, 11, 71, 64], "41": [34, 70, 64, 5], "42": [44, 34, 5, 79], "43": [76, 44, 79, 35], "44": [14, 76, 35, 27], "45": [77, 14, 27, 68], "46": [38, 74, 40, 29], "47": [9, 38, 29, 73], "48": [60, 9, 73, 54], "49": [2, 60, 54, 28], "50": [78, 2, 28, 43], "51": [13, 78, 43, 55], "52": [26, 13, 55, 49], "53": [71, 26, 49, 10], "54": [64, 71, 10, 69], "55": [5, 64, 69, 30], "56": [79, 5, 30, 41], "57": [35, 79, 41, 47], "58": [27, 35, 47, 7], "59": [68, 27, 7, 17]}, "dea": {}, "max_vertex": 79, "dfa": {}, "vertex": {"0": {"y": -1.1261946358399382, "z": 0.46173037321572591, "x": 6.466477957637399}, "1": {"y": -0.54937578966889167, "z": 0.28511501704281916, "x": 6.2312648471694896}, "2": {"y": -3.2802303727597057, "z": 0.55919805625503238, "x": 7.0782075262345208}, "3": {"y": -2.973981693630789, "z": 0.60216030088985928, "x": 6.7723427457411098}, "4": {"y": -0.54937578966889122, "z": 0.23571846013198489, "x": 6.4986947725432946}, "5": {"y": -1.4263541569691156, "z": 0.54273534933749912, "x": 7.08907312037626}, "6": {"y": -3.2802303727597053, "z": 0.55919805609164719, "x": 6.466477957238971}, "7": {"y": -0.54937578966889167, "z": 0.28511501704281916, "x": 7.3134206346753494}, "8": {"y": -2.6642279479332318, "z": 0.64391597448705029, "x": 6.4483332589718154}, "9": {"y": -3.8751038046836443, "z": 0.38620388976418485, "x": 7.0459907107569837}, "10": {"y": -2.0414365165572361, "z": 0.68778204872989868, "x": 7.4214440406436557}, "11": {"y": -2.0414365165572361, "z": 0.62778204872989896, "x": 6.7723427457411072}, "12": {"y": -1.4263541569691156, "z": 0.54273534917411403, "x": 6.4556123630972282}, "13": {"y": -2.6642279479332323, "z": 0.64391597465043549, "x": 7.0963522245016772}, "14": {"y": -0.54937578966889111, "z": 0.22511501704281861, "x": 6.7723427457411054}, "15": {"y": -0.83329948388080066, "z": 0.35919220147037101, "x": 6.4808667149246633}, "16": {"y": -1.1261946358399384, "z": 0.51112693012655996, "x": 6.1668312173576956}, "17": {"y": -0.27607833692432787, "z": 0.14142534546747543, "x": 7.2710937325850393}, "18": {"y": -3.5811890932708086, "z": 0.53292766193713037, "x": 6.1956087296104716}, "19": {"y": -2.6642279479332323, "z": 0.63331253139788424, "x": 6.7723427457411098}, "20": {"y": -4.4350000000043686, "z": 0.17835722137862375, "x": 6.3223427409224371}, "21": {"y": -2.973981693630789, "z": 0.66216030088985856, "x": 6.1451000284446788}, "22": {"y": -0.27607833692432787, "z": 0.14142534546747543, "x": 6.2735917492598023}, "23": {"y": -2.0414365165572361, "z": 0.63838549181906501, "x": 6.4446830695591437}, "24": {"y": -4.1602614093188262, "z": 0.25718024632772835, "x": 6.7723427457411116}, "25": {"y": -2.3527744811065081, "z": 0.64186973878695297, "x": 6.7723427457411081}, "26": {"y": -2.3527744811065081, "z": 0.65247318203950411, "x": 7.1000024138101514}, "27": {"y": -0.54937578966889122, "z": 0.23571846029536994, "x": 7.04599071093019}, "28": {"y": -3.2802303727597057, "z": 0.60859461300248041, "x": 7.3778542652840056}, "29": {"y": -4.1602614093188262, "z": 0.31718024632772696, "x": 7.2710937360359189}, "30": {"y": -1.4263541569691156, "z": 0.59213190608494792, "x": 7.3995854535674868}, "31": {"y": -0.83329948388080111, "z": 0.40858875838120517, "x": 6.1956087319322242}, "32": {"y": -3.5811890932708086, "z": 0.47292766193713137, "x": 6.7723427457411107}, "33": {"y": -4.4350000000043686, "z": 0.11835722137862524, "x": 6.7723427457411116}, "34": {"y": -1.4263541569691156, "z": 0.53213190608494787, "x": 6.7723427457411081}, "35": {"y": -0.83329948388080077, "z": 0.35919220163375609, "x": 7.0638187685488258}, "36": {"y": -0.014999999999999271, "z": -0.071039335532367784, "x": 6.5442337194197666}, "37": {"y": -4.4350000000043686, "z": 0.12896066446779092, "x": 6.5442337194197728}, "38": {"y": -4.1602614093188262, "z": 0.26778368958027932, "x": 7.0248272616104792}, "39": {"y": -3.2802303727597057, "z": 0.60859461300248041, "x": 6.166831216560837}, "40": {"y": -4.4350000000043686, "z": 0.17835722137862375, "x": 7.2223427409224055}, "41": {"y": -1.1261946358399384, "z": 0.51112693012655996, "x": 7.3778542644871488}, "42": {"y": -0.015000000000000051, "z": -0.021642778621533302, "x": 7.222342740922409}, "43": {"y": -2.973981693630789, "z": 0.66216030088985856, "x": 7.3995854534001646}, "44": {"y": -1.1261946358399382, "z": 0.45112693012655969, "x": 6.7723427457411089}, "45": {"y": -0.015000000000000051, "z": -0.021642778621533302, "x": 6.3223427409224335}, "46": {"y": -4.1602614093188262, "z": 0.31718024632772696, "x": 6.2735917458089245}, "47": {"y": -0.83329948388080111, "z": 0.40858875838120517, "x": 7.3490767499126193}, "48": {"y": -4.1602614093188262, "z": 0.26778368941689401, "x": 6.5198582218630152}, "49": {"y": -2.3527744811065086, "z": 0.70186973878695247, "x": 7.4214440404352695}, "50": {"y": -0.27607833692432726, "z": 0.092028788556641053, "x": 6.5198582235884519}, "51": {"y": -3.8751038046836439, "z": 0.38620388960079954, "x": 6.4986947727165125}, "52": {"y": -1.4263541569691156, "z": 0.59213190608494792, "x": 6.1451000282773549}, "53": {"y": -3.8751038046836443, "z": 0.37560044651163382, "x": 6.7723427457411125}, "54": {"y": -3.5811890932708086, "z": 0.53292766193713037, "x": 7.3490767522343701}, "55": {"y": -2.6642279479332323, "z": 0.69331253139788374, "x": 7.4141436618183176}, "56": {"y": -1.7320286327457708, "z": 0.60173501043937017, "x": 6.4483332589008375}, "57": {"y": -3.5811890932708086, "z": 0.4835311050262972, "x": 6.4808667137637883}, "58": {"y": -1.732028632745771, "z": 0.65113156735020394, "x": 6.1305418198845709}, "59": {"y": -3.2802303727597057, "z": 0.54859461300248125, "x": 6.7723427457411098}, "60": {"y": -3.5811890932708086, "z": 0.48353110518968245, "x": 7.0638187697097043}, "61": {"y": -2.0414365165572361, "z": 0.68778204872989868, "x": 6.123241441201186}, "62": {"y": -2.9739816936307886, "z": 0.61276374397902522, "x": 6.4556123631808902}, "63": {"y": -2.6642279479332323, "z": 0.69331253139788374, "x": 6.1305418200265276}, "64": {"y": -1.7320286327457708, "z": 0.60173501060275536, "x": 7.096352224572656}, "65": {"y": -2.3527744811065081, "z": 0.65247318187611891, "x": 6.4446830696633359}, "66": {"y": -0.014999999999999104, "z": -0.081642778621534171, "x": 6.7723427457411081}, "67": {"y": -3.8751038046836439, "z": 0.4356004465116326, "x": 6.2312648475159174}, "68": {"y": -0.27607833692432726, "z": 0.092028788720026095, "x": 7.0248272598850363},