{"compas": "1.1.0", "datatype": "compas.datastructures/Mesh", "data": {"facedata": {"1": {}, "2": {}, "3": {}, "4": {}, "5": {}, "6": {}, "7": {}, "8": {}, "9": {}, "10": {}, "11": {}, "12": {}, "13": {}, "14": {}, "15": {}, "16": {}, "17": {}, "18": {}, "19": {}, "20": {}, "21": {}, "22": {}, "23": {}, "24": {}, "25": {}, "26": {}, "27": {}, "28": {}, "29": {}, "30": {}, "31": {}, "32": {}, "33": {}, "34": {}, "35": {}, "36": {}, "37": {}, "38": {}, "39": {}, "40": {}, "41": {}, "42": {}, "43": {}, "44": {}, "45": {}, "46": {}, "47": {}, "48": {}, "49": {}, "50": {}, "51": {}, "52": {}, "53": {}, "54": {}, "55": {}, "56": {}, "57": {}, "58": {}, "59": {}, "60": {}}, "dva": {"ry": 0.0, "rz": 0.0, "is_anchor": false, "y": 0.0, "x": 0.0, "px": 0.0, "z": 0.0, "rx": 0.0, "py": 0.0, "pz": 0.0}, "face": {"1": [0, 31, 37, 21], "2": [31, 0, 54, 41], "3": [54, 0, 34, 43], "4": [1, 53, 60, 40], "5": [53, 1, 17, 12], "6": [2, 7, 34, 19], "7": [7, 2, 20], "8": [46, 2, 19], "9": [3, 59, 47, 39], "10": [59, 3, 13, 22], "11": [13, 3, 56, 29], "12": [4, 16, 33], "13": [16, 4, 37, 31], "14": [9, 5, 38], "15": [5, 18, 38], "16": [6, 12, 36, 57], "17": [12, 6, 41, 53], "18": [41, 6, 16, 31], "19": [7, 56, 43, 34], "20": [56, 7, 20, 29], "21": [8, 58, 44, 32], "22": [58, 8, 27], "23": [27, 8, 59, 22], "24": [9, 44, 58], "25": [44, 9, 38, 55], "26": [10, 45, 11], "27": [45, 10, 23, 36], "28": [50, 11, 30], "29": [30, 11, 45, 17], "30": [12, 17, 45, 36], "31": [13, 49, 52, 22], "32": [49, 13, 29, 15], "33": [14, 23, 10], "34": [23, 14, 48], "35": [49, 15, 25], "36": [20, 15, 29], "37": [16, 6, 57, 33], "38": [17, 1, 42, 30], "39": [18, 51, 55, 38], "40": [51, 18, 50], "41": [19, 21, 35, 46], "42": [21, 19, 34, 0], "43": [21, 37, 28, 35], "44": [22, 52, 27], "45": [36, 23, 48, 57], "46": [24, 35, 28], "47": [35, 24, 46], "48": [25, 52, 49], "49": [26, 42, 1, 40], "50": [42, 26, 55, 51], "51": [55, 26, 32, 44], "52": [4, 28, 37], "53": [30, 42, 51, 50], "54": [8, 32, 47, 59], "55": [32, 26, 40, 47], "56": [39, 43, 56, 3], "57": [43, 39, 60, 54], "58": [60, 39, 47, 40], "59": [57, 48, 33], "60": [53, 41, 54, 60]}, "edgedata": {"13-49": {"l": 14.601358822035175, "f": 14.601358822035175, "q": 1.0}, "5-18": {"l": 20.000000000000014, "f": 20.000000000000014, "q": 1.0}, "5-38": {"l": 18.611783010555587, "f": 18.611783010555587, "q": 1.0}, "23-48": {"l": 14.193894146779469, "f": 14.193894146779469, "q": 1.0}, "16-31": {"l": 16.561790283464955, "f": 16.561790283464955, "q": 1.0}, "16-33": {"l": 15.404739117100464, "f": 15.404739117100464, "q": 1.0}, "26-32": {"l": 17.988666328197862, "f": 17.988666328197862, "q": 1.0}, "33-48": {"l": 20.0, "f": 20.0, "q": 1.0}, "39-60": {"l": 17.725929238290792, "f": 17.725929238290792, "q": 1.0}, "6-16": {"l": 14.592259610670805, "f": 14.592259610670805, "q": 1.0}, "24-35": {"l": 18.611783010555559, "f": 18.611783010555559, "q": 1.0}, "10-23": {"l": 14.193894146779472, "f": 14.193894146779472, "q": 1.0}, "20-29": {"l": 14.602347895544405, "f": 14.602347895544405, "q": 1.0}, "17-30": {"l": 14.592259610670835, "f": 14.592259610670835, "q": 1.0}, "19-21": {"l": 18.291373342392525, "f": 18.291373342392525, "q": 1.0}, "22-27": {"l": 14.602347895544398, "f": 14.602347895544398, "q": 1.0}, "18-51": {"l": 16.64383024162434, "f": 16.64383024162434, "q": 1.0}, "18-50": {"l": 20.0, "f": 20.0, "q": 1.0}, "6-41": {"l": 16.48781954917148, "f": 16.48781954917148, "q": 1.0}, "8-27": {"l": 15.404739117100451, "f": 15.404739117100451, "q": 1.0}, "7-56": {"l": 14.592259610670819, "f": 14.592259610670819, "q": 1.0}, "38-55": {"l": 16.386252362015167, "f": 16.386252362015167, "q": 1.0}, "1-42": {"l": 14.557675348735696, "f": 14.557675348735696, "q": 1.0}, "29-56": {"l": 15.388640695381014, "f": 15.388640695381014, "q": 1.0}, "15-29": {"l": 14.602347895544405, "f": 14.602347895544405, "q": 1.0}, "15-20": {"l": 20.0, "f": 20.0, "q": 1.0}, "15-25": {"l": 20.0, "f": 20.0, "q": 1.0}, "12-36": {"l": 15.380819547778312, "f": 15.380819547778312, "q": 1.0}, "2-19": {"l": 16.64383024162434, "f": 16.64383024162434, "q": 1.0}, "14-48": {"l": 20.0, "f": 20.0, "q": 1.0}, "11-30": {"l": 15.404739117100462, "f": 15.404739117100462, "q": 1.0}, "41-54": {"l": 17.79265173651498, "f": 17.79265173651498, "q": 1.0}, "0-31": {"l": 17.988666328197855, "f": 17.988666328197855, "q": 1.0}, "0-21": {"l": 15.162363291711271, "f": 15.162363291711271, "q": 1.0}, "41-53": {"l": 14.187414143303267, "f": 14.187414143303267, "q": 1.0}, "10-45": {"l": 14.602347895544412, "f": 14.602347895544412, "q": 1.0}, "51-55": {"l": 18.291373342392525, "f": 18.291373342392525, "q": 1.0}, "21-37": {"l": 18.291373342392525, "f": 18.291373342392525, "q": 1.0}, "23-36": {"l": 14.601358822035188, "f": 14.601358822035188, "q": 1.0}, "24-46": {"l": 20.0, "f": 20.0, "q": 1.0}, "21-35": {"l": 16.386252362015192, "f": 16.386252362015192, "q": 1.0}, "3-59": {"l": 14.191880130598419, "f": 14.191880130598419, "q": 1.0}, "34-43": {"l": 14.55767534873568, "f": 14.55767534873568, "q": 1.0}, "3-39": {"l": 16.459798505988296, "f": 16.459798505988296, "q": 1.0}, "31-37": {"l": 15.343319972216914, "f": 15.343319972216914, "q": 1.0}, "30-42": {"l": 16.561790283464955, "f": 16.561790283464955, "q": 1.0}, "19-46": {"l": 16.643830241624347, "f": 16.643830241624347, "q": 1.0}, "42-51": {"l": 15.343319972216921, "f": 15.343319972216921, "q": 1.0}, "7-20": {"l": 15.40473911710046, "f": 15.40473911710046, "q": 1.0}, "39-43": {"l": 14.18741414330327, "f": 14.18741414330327, "q": 1.0}, "2-46": {"l": 20.0, "f": 20.0, "q": 1.0}, "39-47": {"l": 14.187414143303283, "f": 14.187414143303283, "q": 1.0}, "43-54": {"l": 17.79265173651498, "f": 17.79265173651498, "q": 1.0}, "4-33": {"l": 20.0, "f": 20.0, "q": 1.0}, "43-56": {"l": 16.487819549171483, "f": 16.487819549171483, "q": 1.0}, "26-42": {"l": 17.988666328197862, "f": 17.988666328197862, "q": 1.0}, "26-40": {"l": 14.485090111276865, "f": 14.485090111276865, "q": 1.0}, "13-29": {"l": 14.193555717012941, "f": 14.193555717012941, "q": 1.0}, "36-45": {"l": 14.193555717012954, "f": 14.193555717012954, "q": 1.0}, "32-47": {"l": 14.557675348735687, "f": 14.557675348735687, "q": 1.0}, "3-56": {"l": 14.191880130598415, "f": 14.191880130598415, "q": 1.0}, "32-44": {"l": 15.343319972216921, "f": 15.343319972216921, "q": 1.0}, "13-22": {"l": 14.193555717012941, "f": 14.193555717012941, "q": 1.0}, "7-34": {"l": 16.561790283464955, "f": 16.561790283464955, "q": 1.0}, "4-37": {"l": 16.643830241624343, "f": 16.643830241624343, "q": 1.0}, "30-50": {"l": 15.404739117100451, "f": 15.404739117100451, "q": 1.0}, "40-60": {"l": 14.179034567741997, "f": 14.179034567741997, "q": 1.0}, "1-40": {"l": 17.792651736514976, "f": 17.792651736514976, "q": 1.0}, "25-52": {"l": 20.0, "f": 20.0, "q": 1.0}, "5-9": {"l": 20.000000000000014, "f": 20.000000000000014, "q": 1.0}, "0-54": {"l": 14.485090111276858, "f": 14.485090111276858, "q": 1.0}, "0-34": {"l": 17.988666328197858, "f": 17.988666328197858, "q": 1.0}, "10-11": {"l": 20.0, "f": 20.0, "q": 1.0}, "10-14": {"l": 20.0, "f": 20.0, "q": 1.0}, "26-55": {"l": 15.162363291711289, "f": 15.162363291711289, "q": 1.0}, "36-57": {"l": 14.193555717012927, "f": 14.193555717012927, "q": 1.0}, "27-58": {"l": 20.0, "f": 20.0, "q": 1.0}, "2-20": {"l": 20.0, "f": 20.0, "q": 1.0}, "14-23": {"l": 14.193894146779469, "f": 14.193894146779469, "q": 1.0}, "24-28": {"l": 20.0, "f": 20.0, "q": 1.0}, "18-38": {"l": 18.611783010555573, "f": 18.611783010555573, "q": 1.0}, "27-52": {"l": 20.0, "f": 20.0, "q": 1.0}, "15-49": {"l": 14.193894146779471, "f": 14.193894146779471, "q": 1.0}, "48-57": {"l": 14.60234789554441, "f": 14.60234789554441, "q": 1.0}, "6-57": {"l": 15.388640695381017, "f": 15.388640695381017, "q": 1.0}, "28-37": {"l": 16.643830241624343, "f": 16.643830241624343, "q": 1.0}, "25-49": {"l": 14.193894146779471, "f": 14.193894146779471, "q": 1.0}, "28-35": {"l": 18.611783010555556, "f": 18.611783010555556, "q": 1.0}, "19-34": {"l": 15.343319972216916, "f": 15.343319972216916, "q": 1.0},