{"compas": "1.6.3", "datatype": "compas_fofin.datastructures/Cablenet", "data": {"attributes": {"name": "Mesh", "density": 1.0}, "dva": {"x": 0.0, "y": 0.0, "z": 0.0, "px": 0.0, "py": 0.0, "pz": 0.0, "rx": 0.0, "ry": 0.0, "rz": 0.0, "t": 0.05, "is_anchor": false, "is_fixed": false, "constraint": null, "param": null}, "dea": {"q": 1.0, "f": 0.0, "l": 0.0, "E": 210.0, "r": 0.0, "l0": 0.0, "is_edge": true, "yield": 235.0}, "dfa": {"strip": null}, "vertex": {"0": {"z": -31.777531411677753, "y": 69.99999999999999, "x": 49.999999999999986, "rx": 1.4210854715202004e-14, "ry": 1.4210854715202004e-14, "rz": -1.5901720403839992}, "1": {"z": -6.403362897265336, "y": 10.0, "x": 9.999999999999996, "rx": 3.552713678800501e-15, "ry": 0.0, "rz": -2.3685205662711457}, "2": {"z": -17.280118255728006, "y": 79.99999999999999, "x": 80.0, "rx": -2.842170943040401e-14, "ry": 1.4210854715202004e-14, "rz": -3.070222777950912}, "3": {"z": 0.0, "y": 0.0, "x": 40.0, "is_anchor": true, "rx": -2.1316282072803006e-14, "ry": 19.999999999999993, "rz": -36.59238177961205}, "4": {"z": -27.47043606799704, "y": 29.99999999999999, "x": 69.99999999999997, "rx": 2.842170943040401e-14, "ry": 7.105427357601002e-15, "rz": -2.096643307123953}, "5": {"z": 0.0, "y": 40.0, "x": 0.0, "is_anchor": true, "rx": 19.999999999999993, "ry": -7.105427357601002e-15, "rz": -36.592381779612055}, "6": {"z": 0.0, "y": 100.00000000000001, "x": 100.00000000000001, "is_anchor": true, "rx": -10.000000000000014, "ry": -10.000000000000014, "rz": -10.361519825181196}, "7": {"z": -24.046563192904653, "y": 59.99999999999999, "x": 19.999999999999993, "rx": 1.9539925233402755e-14, "ry": 0.0, "rz": -3.2458311300384928}, "8": {"z": -14.31494826311899, "y": 9.999999999999996, "x": 49.999999999999986, "rx": 1.4210854715202004e-14, "ry": 0.0, "rz": -5.010222665697139}, "9": {"z": -14.314948263118989, "y": 49.999999999999986, "x": 90.0, "rx": -5.684341886080802e-14, "ry": 1.4210854715202004e-14, "rz": -5.010222665697135}, "10": {"z": 0.0, "y": 80.0, "x": 100.0, "is_anchor": true, "rx": -20.0, "ry": -1.4210854715202004e-14, "rz": -27.156092076258975}, "11": {"z": -6.403362897265334, "y": 90.0, "x": 90.0, "rx": 0.0, "ry": 0.0, "rz": -2.368520566271153}, "12": {"z": 0.0, "y": 100.0, "x": 20.0, "is_anchor": true, "rx": 3.552713678800501e-15, "ry": -20.0, "rz": -27.15609207625898}, "13": {"z": -34.50849963045085, "y": 59.999999999999986, "x": 59.99999999999998, "rx": -1.4210854715202004e-14, "ry": 0.0, "rz": -0.8746467418653321}, "14": {"z": 0.0, "y": 100.0, "x": 40.0, "is_anchor": true, "rx": 1.0658141036401503e-14, "ry": -20.0, "rz": -36.592381779612055}, "15": {"z": -27.470436067997042, "y": 69.99999999999999, "x": 29.999999999999996, "rx": 0.0, "ry": 4.263256414560601e-14, "rz": -2.096643307123964}, "16": {"z": -17.28011825572801, "y": 19.999999999999996, "x": 80.0, "rx": -2.842170943040401e-14, "ry": -7.105427357601002e-15, "rz": -3.070222777950905}, "17": {"z": -34.508499630450856, "y": 39.99999999999999, "x": 39.99999999999999, "rx": -2.4868995751603507e-14, "ry": 1.0658141036401503e-14, "rz": -0.8746467418653214}, "18": {"z": 0.0, "y": 100.0, "x": 0.0, "is_anchor": true, "rx": 10.0, "ry": -10.0, "rz": -10.361519825181189}, "19": {"z": 0.0, "y": 0.0, "x": 80.0, "is_anchor": true, "rx": 0.0, "ry": 19.999999999999996, "rz": -27.15609207625898}, "20": {"z": -14.314948263118993, "y": 49.99999999999999, "x": 9.999999999999996, "rx": 3.552713678800501e-15, "ry": 2.842170943040401e-14, "rz": -5.010222665697139}, "21": {"z": -24.046563192904657, "y": 80.00000000000001, "x": 40.00000000000001, "rx": -3.197442310920451e-14, "ry": -8.526512829121202e-14, "rz": -3.2458311300384874}, "22": {"z": 0.0, "y": 100.0, "x": 80.0, "is_anchor": true, "rx": 0.0, "ry": -20.0, "rz": -27.15609207625898}, "23": {"z": -27.47043606799703, "y": 69.99999999999997, "x": 69.99999999999997, "rx": 4.973799150320701e-14, "ry": 2.842170943040401e-14, "rz": -2.0966433071239674}, "24": {"z": -12.623337028824832, "y": 9.999999999999996, "x": 29.999999999999993, "rx": -3.552713678800501e-15, "ry": 7.105427357601002e-15, "rz": -4.1228396493093395}, "25": {"z": 0.0, "y": 0.0, "x": 60.0, "is_anchor": true, "rx": -1.4210854715202004e-14, "ry": 19.999999999999993, "rz": -36.592381779612055}, "26": {"z": -12.623337028824832, "y": 29.999999999999996, "x": 90.0, "rx": -2.842170943040401e-14, "ry": 0.0, "rz": -4.122839649309347}, "27": {"z": -6.403362897265335, "y": 90.0, "x": 10.0, "rx": 0.0, "ry": 0.0, "rz": -2.3685205662711493}, "28": {"z": 0.0, "y": 0.0, "x": 0.0, "is_anchor": true, "rx": 9.999999999999996, "ry": 10.0, "rz": -10.361519825181187}, "29": {"z": 0.0, "y": 0.0, "x": 100.0, "is_anchor": true, "rx": -10.0, "ry": 10.0, "rz": -10.361519825181189}, "30": {"z": -37.00849963045085, "y": 49.99999999999999, "x": 49.999999999999986, "rx": 0.0, "ry": -2.842170943040401e-14, "rz": -0.32208208469719324}, "31": {"z": 0.0, "y": 40.0, "x": 100.0, "is_anchor": true, "rx": -20.0, "ry": -1.4210854715202004e-14, "rz": -36.592381779612055}, "32": {"z": 0.0, "y": 20.0, "x": 0.0, "is_anchor": true, "rx": 19.999999999999993, "ry": 0.0, "rz": -27.15609207625898}, "33": {"z": -12.623337028824832, "y": 9.999999999999996, "x": 70.0, "rx": -2.1316282072803006e-14, "ry": 3.552713678800501e-15, "rz": -4.122839649309352}, "34": {"z": -14.314948263118993, "y": 90.0, "x": 50.00000000000001, "rx": -3.552713678800501e-14, "ry": -2.842170943040401e-14, "rz": -5.010222665697135}, "35": {"z": -24.046563192904653, "y": 40.0, "x": 19.999999999999996, "rx": -3.552713678800501e-15, "ry": -1.0658141036401503e-14, "rz": -3.2458311300384928}, "36": {"z": -24.046563192904646, "y": 59.999999999999964, "x": 79.99999999999997, "rx": 5.684341886080802e-14, "ry": 6.394884621840902e-14, "rz": -3.2458311300384945}, "37": {"z": 0.0, "y": 60.0, "x": 0.0, "is_anchor": true, "rx": 19.999999999999993, "ry": 0.0, "rz": -36.592381779612055}, "38": {"z": -24.04656319290465, "y": 19.999999999999993, "x": 39.99999999999998, "rx": 3.197442310920451e-14, "ry": 1.0658141036401503e-14, "rz": -3.2458311300385}, "39": {"z": -17.28011825572801, "y": 80.0, "x": 20.0, "rx": 1.7763568394002505e-15, "ry": 0.0, "rz": -3.070222777950905}, "40": {"z": -12.623337028824832, "y": 30.0, "x": 9.999999999999996, "rx": 0.0, "ry": 0.0, "rz": -4.122839649309343}, "41": {"z": -34.50849963045084, "y": 39.999999999999986, "x": 59.99999999999998, "rx": 0.0, "ry": 1.4210854715202004e-14, "rz": -0.8746467418653534}, "42": {"z": -31.777531411677753, "y": 49.99999999999999, "x": 29.999999999999993, "rx": 7.105427357601002e-15, "ry": 1.4210854715202004e-14, "rz": -1.5901720403840045}, "43": {"z": -24.04656319290465, "y": 79.99999999999997, "x": 59.99999999999999, "rx": 0.0, "ry": 5.684341886080802e-14, "rz": -3.2458311300385}, "44": {"z": -31.77753141167775, "y": 29.999999999999993, "x": 49.999999999999986, "rx": -2.1316282072803006e-14, "ry": -7.105427357601002e-15, "rz": -1.590172040384008}, "45": {"z": -12.623337028824828, "y": 69.99999999999999, "x": 90.0, "rx": 0.0, "ry": 2.842170943040401e-14, "rz": -4.122839649309363}, "46": {"z": -12.623337028824832, "y": 90.0, "x": 30.000000000000004, "rx": -1.4210854715202004e-14, "ry": 0.0, "rz": -4.122839649309354}, "47": {"z": 0.0, "y": 0.0, "x": 20.0, "is_anchor": true, "rx": -1.4210854715202004e-14, "ry": 19.999999999999996, "rz": -27.15609207625898}, "48": {"z": -31.77753141167774, "y": 49.99999999999998, "x": 69.99999999999997, "rx": 0.0, "ry": 1.4210854715202004e-14, "rz": -1.5901720403840276}, "49": {"z": 0.0, "y": 80.0, "x": 0.0, "is_anchor": true, "rx": 20.0, "ry": 0.0, "rz": -27.15609207625898}, "50": {"z": -17.28011825572801, "y": 20.0, "x": 19.99999999999999, "rx": 1.7763568394002505e-14, "ry": -3.552713678800501e-15, "rz": -3.070222777950889}, "51": {"z": -6.403362897265335, "y": 10.0, "x": 90.0, "rx": 0.0, "ry": -3.552713678800501e-15, "rz": -2.3685205662711493}, "52": {"z": 0.0, "y": 100.0, "x": 60.0, "is_anchor": true, "rx": 0.0, "ry": -20.0, "rz": -36.592381779612055},