{"compas": "1.1.0", "datatype": "compas.datastructures/Mesh", "data": {"facedata": {"1": {}, "2": {}, "3": {}, "4": {}, "5": {}, "6": {}, "7": {}, "8": {}, "9": {}, "10": {}, "11": {}, "12": {}, "13": {}, "14": {}, "15": {}, "16": {}, "17": {}, "18": {}, "19": {}, "20": {}, "21": {}, "22": {}, "23": {}, "24": {}, "25": {}, "26": {}, "27": {}, "28": {}, "29": {}, "30": {}, "31": {}, "32": {}, "33": {}, "34": {}, "35": {}, "36": {}, "37": {}, "38": {}, "39": {}, "40": {}, "41": {}, "42": {}, "43": {}, "44": {}, "45": {}, "46": {}, "47": {}, "48": {}, "49": {}, "50": {}, "51": {}, "52": {}, "53": {}, "54": {}, "55": {}, "56": {}, "57": {}, "58": {}, "59": {}, "60": {}}, "dva": {"y": 0.0, "x": 0.0, "z": 0.0}, "face": {"1": [0, 31, 37, 21], "2": [31, 0, 54, 41], "3": [54, 0, 34, 43], "4": [1, 53, 60, 40], "5": [53, 1, 17, 12], "6": [2, 7, 34, 19], "7": [7, 2, 20], "8": [46, 2, 19], "9": [3, 59, 47, 39], "10": [59, 3, 13, 22], "11": [13, 3, 56, 29], "12": [4, 16, 33], "13": [16, 4, 37, 31], "14": [9, 5, 38], "15": [5, 18, 38], "16": [6, 12, 36, 57], "17": [12, 6, 41, 53], "18": [41, 6, 16, 31], "19": [7, 56, 43, 34], "20": [56, 7, 20, 29], "21": [8, 58, 44, 32], "22": [58, 8, 27], "23": [27, 8, 59, 22], "24": [9, 44, 58], "25": [44, 9, 38, 55], "26": [10, 45, 11], "27": [45, 10, 23, 36], "28": [50, 11, 30], "29": [30, 11, 45, 17], "30": [12, 17, 45, 36], "31": [13, 49, 52, 22], "32": [49, 13, 29, 15], "33": [14, 23, 10], "34": [23, 14, 48], "35": [49, 15, 25], "36": [20, 15, 29], "37": [16, 6, 57, 33], "38": [17, 1, 42, 30], "39": [18, 51, 55, 38], "40": [51, 18, 50], "41": [19, 21, 35, 46], "42": [21, 19, 34, 0], "43": [21, 37, 28, 35], "44": [22, 52, 27], "45": [36, 23, 48, 57], "46": [24, 35, 28], "47": [35, 24, 46], "48": [25, 52, 49], "49": [26, 42, 1, 40], "50": [42, 26, 55, 51], "51": [55, 26, 32, 44], "52": [4, 28, 37], "53": [30, 42, 51, 50], "54": [8, 32, 47, 59], "55": [32, 26, 40, 47], "56": [39, 43, 56, 3], "57": [43, 39, 60, 54], "58": [60, 39, 47, 40], "59": [57, 48, 33], "60": [53, 41, 54, 60]}, "edgedata": {}, "dfa": {}, "max_vertex": 60, "dea": {}, "attributes": {"name": "Mesh"}, "max_face": 60, "vertex": {"0": {"z": 25.844394630577778, "is_anchor": true, "y": 30.0, "x": 30.0}, "1": {"z": 0.0, "y": 70.000000000000014, "x": 50.0}, "2": {"z": 0.0, "is_anchor": true, "y": 0.0, "x": 40.0}, "3": {"z": 0.0, "y": 29.999999999999996, "x": 70.000000000000014}, "4": {"z": 0.0, "is_anchor": true, "y": 40.0, "x": 0.0}, "5": {"z": 0.0, "is_anchor": true, "y": 100.00000000000001, "x": 100.00000000000001}, "6": {"z": 0.0, "y": 60.000000000000007, "x": 20.0}, "7": {"z": 0.0, "y": 10.000000000000002, "x": 50.0}, "8": {"z": 0.0, "y": 49.999999999999986, "x": 90.000000000000014}, "9": {"z": 0.0, "is_anchor": true, "y": 80.0, "x": 100.0}, "10": {"z": 0.0, "is_anchor": true, "y": 100.0, "x": 20.0}, "11": {"z": 0.0, "is_anchor": true, "y": 100.0, "x": 40.0}, "12": {"z": 0.0, "y": 70.0, "x": 30.0}, "13": {"z": 0.0, "y": 20.000000000000007, "x": 80.0}, "14": {"z": 0.0, "is_anchor": true, "y": 100.0, "x": 0.0}, "15": {"z": 0.0, "is_anchor": true, "y": 0.0, "x": 80.0}, "16": {"z": 0.0, "y": 50.0, "x": 10.0}, "17": {"z": 0.0, "y": 80.000000000000014, "x": 40.0}, "18": {"z": 0.0, "is_anchor": true, "y": 100.0, "x": 80.0}, "19": {"z": 0.0, "y": 10.0, "x": 30.0}, "20": {"z": 0.0, "is_anchor": true, "y": 0.0, "x": 60.0}, "21": {"z": 20.376555881141773, "is_anchor": true, "y": 20.000000000000011, "x": 20.000000000000011}, "22": {"z": 0.0, "y": 30.000000000000007, "x": 90.0}, "23": {"z": 0.0, "y": 90.0, "x": 10.0}, "24": {"z": 0.0, "is_anchor": true, "y": 0.0, "x": 0.0}, "25": {"z": 0.0, "is_anchor": true, "y": 0.0, "x": 100.0}, "26": {"z": 25.844394630577785, "is_anchor": true, "y": 70.0, "x": 70.0}, "27": {"z": 0.0, "is_anchor": true, "y": 40.0, "x": 100.0}, "28": {"z": 0.0, "is_anchor": true, "y": 20.0, "x": 0.0}, "29": {"z": 0.0, "y": 10.000000000000004, "x": 70.0}, "30": {"z": 0.0, "y": 90.0, "x": 50.0}, "31": {"z": 0.0, "y": 40.0, "x": 20.0}, "32": {"z": 0.0, "y": 60.0, "x": 80.0}, "33": {"z": 0.0, "is_anchor": true, "y": 60.0, "x": 0.0}, "34": {"z": 0.0, "y": 20.000000000000004, "x": 40.0}, "35": {"z": 12.099523413424366, "is_anchor": true, "y": 10.000000000000004, "x": 10.000000000000004}, "36": {"z": 0.0, "y": 80.0, "x": 20.0}, "37": {"z": 0.0, "y": 30.0, "x": 10.000000000000002}, "38": {"z": 12.099523413424393, "is_anchor": true, "y": 90.0, "x": 90.0}, "39": {"z": 0.0, "y": 40.000000000000007, "x": 60.0}, "40": {"z": 28.97773717996667, "is_anchor": true, "y": 60.0, "x": 60.0}, "41": {"z": 0.0, "y": 50.000000000000007, "x": 30.0}, "42": {"z": 0.0, "y": 79.999999999999986, "x": 60.000000000000007}, "43": {"z": 0.0, "y": 30.000000000000007, "x": 50.0}, "44": {"z": 0.0, "y": 70.0, "x": 90.0}, "45": {"z": 0.0, "y": 90.0, "x": 30.0}, "46": {"z": 0.0, "is_anchor": true, "y": 0.0, "x": 20.0}, "47": {"z": 0.0, "y": 50.000000000000014, "x": 70.0}, "48": {"z": 0.0, "is_anchor": true, "y": 80.0, "x": 0.0}, "49": {"z": 0.0, "y": 10.000000000000004, "x": 90.0}, "50": {"z": 0.0, "is_anchor": true, "y": 100.0, "x": 60.0}, "51": {"z": 0.0, "y": 90.0, "x": 70.0}, "52": {"z": 0.0, "is_anchor": true, "y": 20.0, "x": 100.0}, "53": {"z": 0.0, "y": 60.000000000000007, "x": 40.0}, "54": {"z": 28.97773717996667, "is_anchor": true, "y": 39.999999999999993, "x": 39.999999999999993}, "55": {"z": 20.376555881141769, "is_anchor": true, "y": 80.0, "x": 80.0}, "56": {"z": 0.0, "y": 20.000000000000007, "x": 60.0}, "57": {"z": 0.0, "y": 70.0, "x": 10.0}, "58": {"z": 0.0, "is_anchor": true, "y": 60.0, "x": 100.0}, "59": {"z": 0.0, "y": 40.000000000000014, "x": 80.0}, "60": {"z": 30.0, "is_anchor": true, "y": 50.0, "x": 50.0}}}}