{"compas": "1.6.3", "datatype": "compas_fofin.datastructures/Cablenet", "data": {"facedata": {"1": {}, "2": {}, "3": {}, "4": {}, "5": {}, "6": {}, "7": {}, "8": {}, "9": {}, "10": {}, "11": {}, "12": {}, "13": {}, "14": {}, "15": {}, "16": {}, "17": {}, "18": {}, "19": {}, "20": {}, "21": {}, "22": {}, "23": {}, "24": {}, "25": {}, "26": {}, "27": {}, "28": {}, "29": {}, "30": {}, "31": {}, "32": {}, "33": {}, "34": {}, "35": {}, "36": {}, "37": {}, "38": {}, "39": {}, "40": {}, "41": {}, "42": {}, "43": {}, "44": {}, "45": {}, "46": {}, "47": {}, "48": {}, "49": {}, "50": {}, "51": {}, "52": {}, "53": {}, "54": {}, "55": {}, "56": {}, "57": {}, "58": {}, "59": {}, "60": {}}, "dva": {"ry": 0.0, "is_anchor": false, "is_fixed": false, "px": 0.0, "rx": 0.0, "param": null, "t": 0.050000000000000003, "y": 0.0, "x": 0.0, "z": 0.0, "pz": 0.0, "rz": 0.0, "constraint": null, "py": 0.0}, "face": {"1": [1, 0, 3], "2": [0, 2, 3], "3": [19, 1, 21], "4": [21, 1, 3, 60], "5": [2, 22, 23], "6": [2, 23, 60, 3], "7": [4, 5, 7], "8": [5, 8, 9], "9": [7, 5, 9, 36], "10": [6, 4, 7], "11": [6, 7, 36, 35], "12": [8, 10, 11], "13": [9, 8, 11, 39], "14": [36, 9, 39, 38], "15": [10, 12, 13], "16": [11, 10, 13, 44], "17": [39, 11, 44, 43], "18": [13, 12, 14, 51], "19": [12, 15, 14], "20": [44, 13, 51, 50], "21": [51, 14, 17, 18], "22": [14, 15, 17], "23": [17, 16, 18], "24": [18, 16, 20, 56], "25": [20, 16, 19], "26": [18, 56, 50, 51], "27": [20, 19, 21, 59], "28": [20, 59, 55, 56], "29": [21, 60, 58, 59], "30": [22, 24, 25], "31": [22, 25, 57, 23], "32": [23, 57, 58, 60], "33": [24, 26, 27], "34": [24, 27, 52, 25], "35": [25, 52, 53, 57], "36": [26, 28, 45, 27], "37": [28, 26, 29], "38": [27, 45, 46, 52], "39": [28, 30, 32, 45], "40": [30, 28, 29], "41": [30, 31, 32], "42": [31, 33, 34], "43": [32, 31, 34, 40], "44": [33, 6, 35], "45": [34, 33, 35, 37], "46": [35, 36, 38, 37], "47": [34, 37, 41, 40], "48": [37, 38, 42, 41], "49": [38, 39, 43, 42], "50": [32, 40, 46, 45], "51": [40, 41, 47, 46], "52": [41, 42, 48, 47], "53": [42, 43, 49, 48], "54": [43, 44, 50, 49], "55": [46, 47, 53, 52], "56": [47, 48, 54, 53], "57": [48, 49, 55, 54], "58": [49, 50, 56, 55], "59": [53, 54, 58, 57], "60": [54, 55, 59, 58]}, "edgedata": {"13-44": {"l": 0.86602540378443926, "f": 0.86602540378443926, "q": 1.0}, "36-38": {"l": 0.86602540378443926, "f": 0.86602540378443926, "q": 1.0}, "8-9": {"l": 0.7681145747868614, "f": 0.7681145747868614, "q": 1.0}, "34-37": {"l": 0.76811457478685996, "f": 0.76811457478685996, "q": 1.0}, "22-23": {"l": 0.76811457478686007, "f": 0.76811457478686007, "q": 1.0}, "19-21": {"l": 0.7681145747868614, "f": 0.7681145747868614, "q": 1.0}, "19-20": {"l": 0.86602540378443915, "f": 0.86602540378443915, "q": 1.0}, "22-24": {"is_edge": false}, "22-25": {"l": 0.86602540378443926, "f": 0.86602540378443926, "q": 1.0}, "37-38": {"l": 0.71414284285428387, "f": 0.71414284285428387, "q": 1.0}, "18-51": {"l": 0.71414284285428531, "f": 0.71414284285428531, "q": 1.0}, "35-37": {"l": 0.86602540378443915, "f": 0.86602540378443915, "q": 1.0}, "35-36": {"l": 0.71414284285428442, "f": 0.71414284285428442, "q": 1.0}, "7-36": {"l": 0.99498743710662085, "f": 0.99498743710662085, "q": 1.0}, "18-56": {"l": 0.86602540378443915, "f": 0.86602540378443915, "q": 1.0}, "1-19": {"is_edge": false}, "6-35": {"l": 0.99498743710662063, "f": 0.99498743710662063, "q": 1.0}, "11-39": {"l": 0.76811457478686163, "f": 0.76811457478686163, "q": 1.0}, "30-32": {"l": 0.99498743710661952, "f": 0.99498743710661952, "q": 1.0}, "30-31": {"is_edge": false}, "2-22": {"is_edge": false}, "31-33": {"is_edge": false}, "31-32": {"l": 0.76811457478686085, "f": 0.76811457478686085, "q": 1.0}, "34-40": {"l": 0.76811457478686052, "f": 0.76811457478686052, "q": 1.0}, "31-34": {"l": 0.86602540378443738, "f": 0.86602540378443738, "q": 1.0}, "33-35": {"l": 0.76811457478685974, "f": 0.76811457478685974, "q": 1.0}, "33-34": {"l": 0.86602540378443948, "f": 0.86602540378443948, "q": 1.0}, "14-15": {"l": 1.1445523142259595, "f": 1.1445523142259595, "q": 1.0}, "14-17": {"l": 0.71414284285428498, "f": 0.71414284285428498, "q": 1.0}, "1-21": {"l": 0.99498743710662063, "f": 0.99498743710662063, "q": 1.0}, "52-53": {"l": 0.76811457478686029, "f": 0.76811457478686029, "q": 1.0}, "39-43": {"l": 0.76811457478686096, "f": 0.76811457478686096, "q": 1.0}, "21-60": {"l": 0.71414284285428542, "f": 0.71414284285428542, "q": 1.0}, "23-60": {"l": 0.7141428428542842, "f": 0.7141428428542842, "q": 1.0}, "53-54": {"l": 0.7141428428542852, "f": 0.7141428428542852, "q": 1.0}, "53-57": {"l": 0.76811457478686096, "f": 0.76811457478686096, "q": 1.0}, "15-17": {"is_edge": false}, "16-19": {"is_edge": false}, "16-18": {"l": 0.76811457478686063, "f": 0.76811457478686063, "q": 1.0}, "4-5": {"is_edge": false}, "4-7": {"l": 1.1445523142259599, "f": 1.1445523142259599, "q": 1.0}, "4-6": {"is_edge": false}, "32-40": {"l": 0.8660254037844376, "f": 0.8660254037844376, "q": 1.0}, "32-45": {"l": 0.71414284285428498, "f": 0.71414284285428498, "q": 1.0}, "14-51": {"l": 0.99498743710662119, "f": 0.99498743710662119, "q": 1.0}, "41-47": {"l": 0.71414284285428498, "f": 0.71414284285428498, "q": 1.0}, "41-42": {"l": 0.71414284285428353, "f": 0.71414284285428353, "q": 1.0}, "20-59": {"l": 0.76811457478686063, "f": 0.76811457478686063, "q": 1.0}, "16-17": {"is_edge": false}, "48-49": {"l": 0.71414284285428442, "f": 0.71414284285428442, "q": 1.0}, "28-29": {"l": 1.1445523142259593, "f": 1.1445523142259593, "q": 1.0}, "17-18": {"l": 0.99498743710662052, "f": 0.99498743710662052, "q": 1.0}, "20-56": {"l": 0.76811457478686118, "f": 0.76811457478686118, "q": 1.0}, "25-52": {"l": 0.76811457478686118, "f": 0.76811457478686118, "q": 1.0}, "5-7": {"l": 0.71414284285428509, "f": 0.71414284285428509, "q": 1.0}, "5-8": {"is_edge": false}, "5-9": {"l": 0.99498743710662085, "f": 0.99498743710662085, "q": 1.0}, "25-57": {"l": 0.76811457478686018, "f": 0.76811457478686018, "q": 1.0}, "6-33": {"is_edge": false}, "43-49": {"l": 0.71414284285428464, "f": 0.71414284285428464, "q": 1.0}, "43-44": {"l": 0.76811457478686129, "f": 0.76811457478686129, "q": 1.0}, "10-11": {"l": 0.86602540378443915, "f": 0.86602540378443915, "q": 1.0}, "10-13": {"l": 0.76811457478686074, "f": 0.76811457478686074, "q": 1.0}, "10-12": {"is_edge": false}, "6-7": {"l": 0.71414284285428486, "f": 0.71414284285428486, "q": 1.0}, "27-52": {"l": 0.86602540378443815, "f": 0.86602540378443815, "q": 1.0}, "24-26": {"is_edge": false}, "48-54": {"l": 0.71414284285428498, "f": 0.71414284285428498, "q": 1.0}, "24-27": {"l": 0.76811457478686096, "f": 0.76811457478686096, "q": 1.0}, "24-25": {"l": 0.86602540378443849, "f": 0.86602540378443849, "q": 1.0}, "58-59": {"l": 0.71414284285428542, "f": 0.71414284285428542, "q": 1.0}, "28-30": {"l": 0.71414284285428498, "f": 0.71414284285428498, "q": 1.0}, "38-39": {"l": 0.71414284285428498, "f": 0.71414284285428498, "q": 1.0}, "3-60": {"l": 0.99498743710662052, "f": 0.99498743710662052, "q": 1.0}, "49-55": {"l": 0.71414284285428453, "f": 0.71414284285428453, "q": 1.0}, "49-50": {"l": 0.76811457478686085, "f": 0.76811457478686085, "q": 1.0}, "29-30": {"is_edge": false}, "0-1": {"is_edge": false}, "0-3": {"l": 1.1445523142259599, "f": 1.1445523142259599, "q": 1.0}, "0-2": {"is_edge": false}, "27-45": {"l": 0.71414284285428486, "f": 0.71414284285428486, "q": 1.0}, "37-41": {"l": 0.7681145747868604, "f": 0.7681145747868604, "q": 1.0}, "9-39": {"l": 0.8660254037844396, "f": 0.8660254037844396, "q": 1.0}, "40-46": {"l": 0.71414284285428475, "f": 0.71414284285428475, "q": 1.0}, "40-41": {"l": 0.76811457478686052, "f": 0.76811457478686052, "q": 1.0}, "1-3": {"l": 0.71414284285428498, "f": 0.71414284285428498, "q": 1.0}, "2-23": {"l": 0.99498743710662019, "f": 0.99498743710662019, "q": 1.0}, "2-3": {"l": 0.71414284285428486, "f": 0.71414284285428486, "q": 1.0}, "42-48": {"l": 0.71414284285428486, "f": 0.71414284285428486, "q": 1.0}, "46-47": {"l": 0.7681145747868604, "f": 0.7681145747868604, "q": 1.0},